{
    "results": [
        {
            "id": 1,
            "testcase": {
                "description": "计算两个正整数的最小公倍数",
                "input": "12 18",
                "output": "36",
                "constraints": "输入为正整数，范围在1到1000之间",
                "example": "输入: 12 18 输出: 36"
            },
            "code_file": "C:\\Users\\TheBUCKbro\\Desktop\\School\\Code\\ai_code_generator\\generated_code\\code_001.c",
            "validation_result": {
                "basic_validation": true,
                "compile_success": true,
                "execution_success": true,
                "output_match": true,
                "code_length": 447,
                "has_main_function": true,
                "has_return": true,
                "error_message": ""
            },
            "actual_output": "36",
            "cleaned_actual_output": "36",
            "cleaned_expected_output": "36",
            "error_message": "",
            "timestamp": "2025-12-10T09:03:48.671374"
        },
        {
            "id": 2,
            "testcase": {
                "description": "计算圆的面积，给定半径，使用公式面积 = π * r^2",
                "input": "5",
                "output": "78.539816",
                "constraints": "半径必须为非负数，输入值为整数或浮点数，程序应使用标准数学库计算π",
                "example": "输入: 5 输出: 78.539816"
            },
            "code_file": "C:\\Users\\TheBUCKbro\\Desktop\\School\\Code\\ai_code_generator\\generated_code\\code_002.c",
            "validation_result": {
                "basic_validation": true,
                "compile_success": true,
                "execution_success": true,
                "output_match": false,
                "code_length": 262,
                "has_main_function": true,
                "has_return": true,
                "error_message": ""
            },
            "actual_output": "5\n78.539816",
            "cleaned_actual_output": "5 78.539816",
            "cleaned_expected_output": "78.539816",
            "error_message": "",
            "timestamp": "2025-12-10T09:03:52.891815"
        },
        {
            "id": 3,
            "testcase": {
                "description": "计算体脂率，根据体重、身高和年龄输入，使用标准体脂率公式进行计算",
                "input": "170 60 30",
                "output": "15.6",
                "constraints": "体重范围：30-150kg；身高范围：140-200cm；年龄范围：18-80岁；所有输入为正整数或浮点数",
                "example": "输入: 170 60 30 输出: 15.6"
            },
            "code_file": "C:\\Users\\TheBUCKbro\\Desktop\\School\\Code\\ai_code_generator\\generated_code\\code_003.c",
            "validation_result": {
                "basic_validation": true,
                "compile_success": true,
                "execution_success": true,
                "output_match": false,
                "code_length": 675,
                "has_main_function": true,
                "has_return": true,
                "error_message": ""
            },
            "actual_output": "",
            "cleaned_actual_output": "",
            "cleaned_expected_output": "15.6",
            "error_message": "",
            "timestamp": "2025-12-10T09:03:59.837069"
        }
    ],
    "analysis": {
        "total_cases": 3,
        "passed_basic": 3,
        "compile_success": 3,
        "execution_success": 3,
        "output_match": 1,
        "basic_pass_rate": 100.0,
        "compile_pass_rate": 100.0,
        "execution_pass_rate": 100.0,
        "output_match_rate": 33.33333333333333,
        "avg_code_length": 461.3333333333333,
        "min_code_length": 262,
        "max_code_length": 675,
        "timestamp": "2025-12-10 09:03:59"
    },
    "summary": {
        "total_cases": 3,
        "basic_pass_rate": "100.00%",
        "compile_pass_rate": "100.00%",
        "execution_pass_rate": "100.00%",
        "output_match_rate": "33.33%"
    }
}