{
    "results": [
        {
            "id": 1,
            "testcase": {
                "description": "计算给定正整数的阶乘和，即输入数字n的阶乘（n!）的累加结果。",
                "input": "4 1 2 3 4",
                "output": "36",
                "constraints": "输入的数字必须是正整数，且数组长度n不超过10，每个元素在1到10之间。",
                "example": "输入: 4 1 2 3 4 输出: 36"
            },
            "code_file": "C:\\Users\\TheBUCKbro\\Desktop\\School\\Code\\ai_code_generator\\generated_code\\code_001.c",
            "validation_result": {
                "basic_validation": true,
                "compile_success": true,
                "execution_success": true,
                "output_match": false,
                "code_length": 435,
                "has_main_function": true,
                "has_return": true,
                "error_message": ""
            },
            "actual_output": "33",
            "cleaned_actual_output": "33",
            "cleaned_expected_output": "36",
            "error_message": "",
            "timestamp": "2025-12-10T09:05:57.304145"
        },
        {
            "id": 2,
            "testcase": {
                "description": "计算一个非负整数的阶乘，即n! = n × (n-1) × ... × 2 × 1",
                "input": "5",
                "output": "120",
                "constraints": "输入必须是非负整数，且范围在0到20之间，超出范围时程序应返回0或报错（本测试用例不涉及错误处理）",
                "example": "输入: 5 输出: 120"
            },
            "code_file": "C:\\Users\\TheBUCKbro\\Desktop\\School\\Code\\ai_code_generator\\generated_code\\code_002.c",
            "validation_result": {
                "basic_validation": true,
                "compile_success": true,
                "execution_success": true,
                "output_match": true,
                "code_length": 301,
                "has_main_function": true,
                "has_return": true,
                "error_message": ""
            },
            "actual_output": "120",
            "cleaned_actual_output": "120",
            "cleaned_expected_output": "120",
            "error_message": "",
            "timestamp": "2025-12-10T09:06:01.392967"
        },
        {
            "id": 3,
            "testcase": {
                "description": "计算体脂率，根据体重、身高和年龄输入，使用标准体脂率公式计算结果",
                "input": "30 70 170 35",
                "output": "18.5",
                "constraints": "体重范围：10-200kg；身高范围：130-210cm；年龄范围：18-80岁；所有输入为正整数",
                "example": "输入: 30 70 170 35 输出: 18.5"
            },
            "code_file": "C:\\Users\\TheBUCKbro\\Desktop\\School\\Code\\ai_code_generator\\generated_code\\code_003.c",
            "validation_result": {
                "basic_validation": true,
                "compile_success": true,
                "execution_success": true,
                "output_match": false,
                "code_length": 654,
                "has_main_function": true,
                "has_return": true,
                "error_message": ""
            },
            "actual_output": "",
            "cleaned_actual_output": "",
            "cleaned_expected_output": "18.5",
            "error_message": "",
            "timestamp": "2025-12-10T09:06:09.121116"
        }
    ],
    "analysis": {
        "total_cases": 3,
        "passed_basic": 3,
        "compile_success": 3,
        "execution_success": 3,
        "output_match": 1,
        "basic_pass_rate": 100.0,
        "compile_pass_rate": 100.0,
        "execution_pass_rate": 100.0,
        "output_match_rate": 33.33333333333333,
        "avg_code_length": 463.3333333333333,
        "min_code_length": 301,
        "max_code_length": 654,
        "timestamp": "2025-12-10 09:06:09"
    },
    "summary": {
        "total_cases": 3,
        "basic_pass_rate": "100.00%",
        "compile_pass_rate": "100.00%",
        "execution_pass_rate": "100.00%",
        "output_match_rate": "33.33%"
    }
}